temp_mean,temp_std,temp_rate,vibration_rms,vibration_peak,vibration_kurtosis,label
15.888516666666666,0.9026213167153149,3.443999999999999,3.7084104681116408,4.09,2.788303013176098,critical
16.015533333333337,0.8605978826115918,0.5439999999999934,3.817424699104533,4.352,3.377699262294227,critical
16.086599999999997,0.9346446240862533,3.3279999999999994,3.852047195972552,4.352,3.0096556455863244,critical
16.142599999999998,1.03096539224166,3.9720000000000013,3.8519839044315853,4.352,3.122755705938479,critical
13.156133333333331,5.081646476837557,-21.6,3.2691808963918367,4.192,2.2749618514729972,critical
9.770800000000001,5.618326052007543,-24.468,2.425226917218263,4.182,1.3573599746450016,normal
5.571533333333333,2.475325146768041,-19.668000000000003,1.1949368184134257,3.562,10.017160033293806,normal
4.985000000000001,0.7122800479212279,0.3719999999999999,0.7959405337921504,1.002,2.062057158154382,normal
5.017799999999999,0.7298650742888486,3.1639999999999997,0.8197309314647094,1.002,1.8910336920380835,normal
5.147466666666667,0.5498950041194733,1.0200000000000014,0.8308232864654994,0.968,2.50429245158251,normal
4.9136,0.7458282912306291,-0.6480000000000015,0.8155234719695893,0.968,2.635009066198853,normal
4.879999999999999,0.7720063903017038,0.2640000000000011,0.8044163930038555,0.958,2.410339035627397,normal
4.861066666666667,0.7990949436011273,-0.30799999999999983,0.8156743631294701,0.9620000000000001,2.4042184041051393,normal
5.211866666666668,0.7014221616750421,-2.3439999999999994,0.8446351480570372,1.024,2.7947115153424,normal
5.0802000000000005,0.6877476959854779,3.2840000000000007,0.8776756424404937,1.042,3.108112088564489,normal
5.313000000000001,0.6384384595766976,-0.2400000000000002,0.8720152139345582,1.042,2.5497920073757583,normal
8.081866666666667,4.301947215958012,25.787999999999997,1.8312218507506586,3.6420000000000003,2.4664546343986538,normal
11.989799999999999,5.06133572225093,21.976000000000003,2.7433933974793576,4.106,1.3060941627931926,critical
15.731,2.134841180665828,14.564,3.4899759120467677,4.168,5.872460799036673,critical
16.462933333333332,0.8003767001994887,-2.787999999999993,3.831631523689789,4.56,2.978843254846518,critical
16.3488,0.7533851781570081,-2.6000000000000014,3.900568881586377,4.56,3.3361194430358747,critical
16.5058,0.8626488431955769,3.788000000000004,3.9305799911293837,4.56,3.0001251242530214,critical
14.925666666666668,2.8811596315064225,-11.651999999999997,3.5052921323811708,4.464,2.136093970236654,critical
12.927800000000001,3.169173871321463,-12.196000000000002,2.925324141583858,4.464,1.4995836609043227,warning
10.566733333333332,1.1224226753866935,-10.108000000000004,2.1427747742899466,3.6519999999999997,8.000814010941738,warning
10.178933333333335,0.4611437182580814,-2.915999999999997,1.854223611110591,2.082,2.4757686233034986,warning
9.938266666666665,0.48254622806755226,-0.8520000000000003,1.8307231358127314,2.036,2.8423370434976793,warning
10.107000000000003,0.5325485267403653,1.0960000000000036,1.8489285185389586,2.148,2.603339864748257,warning
9.065000000000001,1.7053811108761976,-4.8679999999999986,1.6296474056269554,2.148,1.8407733275678824,warning
7.592133333333334,2.293781851489418,-11.856000000000002,1.31231236119048,2.148,1.7035969143417495,normal
5.585133333333333,1.2777648905630314,-6.071999999999999,0.851207064507025,1.366,9.598952561993782,normal
4.985266666666666,0.7153575298796788,-3.6160000000000014,0.8418949261437954,0.968,2.423680392608865,normal
4.738666666666666,0.6192953702035529,1.3920000000000012,0.7950828887606626,0.968,2.4267678256459777,normal
4.988733333333332,0.6150400492831521,-2.0999999999999996,0.7692337312763483,0.968,2.3135094721738945,normal
4.9092666666666664,0.5939823753464595,1.1560000000000006,0.7604899298040266,0.9560000000000001,2.4441331146180505,normal
5.157333333333335,0.6373782410956795,0.3760000000000012,0.8092244847177245,0.9560000000000001,2.6030092111455327,normal
5.107466666666666,0.6540672612371163,0.5640000000000001,0.8125755759722701,0.9560000000000001,2.369262014748294,normal
4.987266666666667,0.7251428334396532,-0.7000000000000011,0.805235700483612,0.998,2.5452981747098513,normal
5.0738,0.7178548321213698,1.1679999999999993,0.8286275399719708,1.036,1.9513725581964807,normal
4.888866666666666,0.7192072827464664,0.33200000000000074,0.8455878428643591,1.036,1.7168314956783828,normal
6.241266666666666,1.8506023872122168,7.704000000000001,1.2089355648668791,2.0900000000000003,2.52814408405251,normal
7.753399999999999,2.4685307992137075,8.776,1.4677436651768136,2.0900000000000003,1.4994196704944913,warning
9.554533333333332,0.9922514376686764,7.2520000000000024,1.738281028295866,2.0900000000000003,6.6049729159706665,warning
10.119400000000002,0.34031285606041967,1.9120000000000026,1.839671492413795,2.154,2.3518393325870375,warning
10.012466666666667,0.34329023030407113,-1.024000000000001,1.9332692518115524,2.1879999999999997,1.951832503363269,warning
9.946200000000001,0.4205638595980401,-0.7000000000000028,1.9975032415493097,2.212,2.545873709166581,warning
8.504333333333332,2.155157849336228,-12.315999999999999,1.7501067396019023,2.212,2.110855823369351,warning
6.380866666666666,2.836552070540727,-11.64,1.3935857347145888,2.212,1.496122283031561,normal
4.852733333333333,1.5602295116068305,-9.028,0.904757205000325,1.7080000000000002,5.780798412633608,normal
4.5254,0.885502365891814,2.636000000000001,0.7799669223755582,1.032,2.256789242590253,normal
5.013800000000002,0.49094503426215313,1.8600000000000003,0.8177142940334763,1.032,2.539837518759908,normal
4.923733333333334,0.3221493373507938,-0.33200000000000074,0.8002592913133426,1.032,2.622358352282327,normal
6.211866666666667,2.06709051137637,11.18,1.1751298367981868,2.044,2.3673768081424096,normal
8.033066666666667,2.4783965102909224,9.392,1.6287921496208984,2.336,1.3735907975491948,warning
9.688666666666668,1.1576175918190295,8.179999999999998,1.9079713135509488,2.336,5.004070507707733,warning
10.080266666666667,0.3825373997692542,0.0639999999999965,1.9754675395966392,2.336,2.24739668296777,warning
9.9776,0.33698166122209094,0.004000000000001336,1.902193575848683,2.122,2.0590510636745223,warning
10.006866666666667,0.30699823379875574,-0.060000000000002274,1.9364562823191576,2.086,2.6238052536231122,warning
9.999066666666666,0.32168420677566517,-0.7280000000000015,1.917252861083622,2.086,2.286107431300395,warning
9.87213333333333,0.3246737576227695,-0.6999999999999993,1.9220491495623446,2.164,2.146026932459481,warning
9.876333333333337,0.34402716301026137,0.2560000000000002,1.9106386017943495,2.164,2.097670518764105,warning
9.898533333333331,0.31072857752206967,1.184000000000001,1.9094581081203816,2.164,2.1094004947750986,warning
10.0392,0.3375759075131597,0.7600000000000016,1.8171763077184706,2.16,2.2002310515717958,warning
10.174199999999997,0.38252262678173704,-0.7960000000000029,1.7284707306363816,2.068,2.3498190909796914,warning
9.961733333333337,0.6366277265578547,0.8079999999999998,1.7126749837607835,1.988,2.1325453386189395,warning
10.051933333333334,0.6533616626511098,0.003999999999997783,1.7671271601104435,2.098,2.1515977691386943,warning
9.837533333333335,0.581141332972358,0.924000000000003,1.8156070793722594,2.098,1.9953004795437626,warning
9.931533333333334,0.42302992276617435,-0.879999999999999,1.8167671287206844,2.098,1.87544509605502,warning
9.710866666666668,0.26032425080187116,-0.06400000000000006,1.8415101411613242,2.0460000000000003,2.397627400042024,warning
9.830066666666669,0.31665395763970633,0.4400000000000013,1.8964299090659797,2.146,2.412113204239563,warning
10.084666666666667,0.44802658651270044,3.464000000000002,1.8716735470339552,2.146,1.7314285154860543,warning
10.136599999999998,0.44758824828183325,-0.9479999999999968,1.8037020079085495,2.146,1.8943953480408235,warning
10.117866666666664,0.4912783144229166,1.115999999999996,1.7377351543508197,1.97,2.002534636673583,warning
10.076466666666665,0.3968454555057364,-1.3960000000000008,1.7772730797488607,2.008,2.35410763379766,warning
10.166599999999999,0.32479866584290823,0.1599999999999966,1.8546984301138196,2.0260000000000002,2.086902920971514,warning
10.14926666666667,0.3237272445885405,0.38400000000000034,1.885903850500691,2.0260000000000002,2.1135999285922,warning
10.201466666666667,0.3859909958650443,-0.41199999999999903,1.8758458714226318,2.0260000000000002,2.8161838933811416,warning
10.1706,0.40818203455484553,1.2839999999999954,1.8119125438791648,2.008,2.333384404443259,warning
10.243599999999999,0.3267808235907771,-0.5800000000000018,1.803447069734328,2.1060000000000003,2.6235386427227647,warning
10.109600000000002,0.2678907239902121,-0.7360000000000007,1.77722183946368,2.1060000000000003,2.800692895326116,warning
10.100533333333335,0.3918380391040268,-1.740000000000002,1.8090264048192701,2.1060000000000003,2.1011815270816543,warning
9.803133333333331,0.5500813717583567,-0.22800000000000153,1.8209773566229022,2.1239999999999997,2.287497749362439,warning
9.853066666666667,0.6192463663375201,0.3760000000000012,1.8033124336435253,2.1239999999999997,2.4277981715850205,warning
9.903333333333332,0.59190209400617,2.6679999999999957,1.8208787255974335,2.1559999999999997,2.624734066571536,warning
10.203000000000001,0.38807275950093023,-1.1919999999999966,1.8078565946077323,2.1559999999999997,2.5629269341694054,warning
10.143333333333334,0.3487758911137959,-1.475999999999999,1.8795822230839845,2.1559999999999997,1.9434374173570894,warning
10.140666666666668,0.3114539380960779,-0.7160000000000011,1.8603397180801862,2.146,2.080246635482375,warning
10.165266666666664,0.5085887620552473,-0.3719999999999999,1.8818852249805247,2.146,1.7875974966243402,warning
10.151399999999999,0.5301082027913421,-0.11200000000000188,1.8746512564563398,2.12,2.216902913456876,warning
9.917399999999997,0.6502609014849348,-0.5519999999999996,1.902682001806923,2.12,1.9551919149993,warning
9.680533333333333,0.46727406186186804,-0.03200000000000003,1.8689502579433908,2.0580000000000003,1.8965975594909439,warning
9.577266666666668,0.43437019030110985,-0.6640000000000015,1.848475227496075,2.122,2.0563874148624386,warning
9.839933333333333,0.5093390444705985,0.41199999999999903,1.8703465988955095,2.1399999999999997,1.8393319659410874,warning
9.695266666666667,0.6324193721117519,-1.328000000000003,1.899540997188531,2.226,2.0227559261194576,warning
9.825133333333332,0.7043761652854408,0.575999999999997,1.9277374648362609,2.226,2.2535264689513594,warning
9.7294,0.640468817872242,0.8400000000000034,1.8899093452685325,2.226,2.6568532708165944,warning
9.987400000000001,0.45956244407044416,2.748000000000001,1.8519501433173986,2.1559999999999997,2.9823951842480625,warning
9.987533333333333,0.288483244265975,0.9519999999999982,1.8052676994470007,2.08,2.734207026391942,warning
9.964133333333333,0.3143869943592168,-0.847999999999999,1.820392961240329,2.164,3.038882866763856,warning
9.902466666666669,0.3258779662525359,-0.04400000000000048,1.8665098624616658,2.164,2.1735216426158384,warning
8.462533333333335,2.136653391534424,-12.248000000000001,1.6995224427271718,2.164,2.3523029310033428,warning
6.518066666666667,2.561158252735577,-10.515999999999998,1.3648624350705336,2.16,1.3325267384462565,normal
4.685533333333333,1.2370686516474696,-9.628,0.8889101941891168,1.902,7.451765258677722,normal
4.453866666666666,0.6179050484410115,1.92,0.7807878072818505,1.036,2.2876714526632855,normal
4.8418,0.6825658161183676,-2.176,0.7950876681222016,1.036,2.6466294530175922,normal
5.1802,0.5735125340100831,3.7840000000000007,0.8115155369225328,1.036,3.668806508759427,normal
5.073333333333333,0.6904414690777358,-0.7800000000000011,0.7835354916445499,0.9019999999999999,2.399303393192764,normal
4.864400000000001,0.6229795930312109,2.7840000000000007,0.8044299845232026,1.022,2.552539323637204,normal
4.870866666666667,0.5966769496320619,-1.8359999999999985,0.7970329980621882,1.022,2.2222085164875818,normal
5.0287999999999995,0.6499968410179645,2.1279999999999983,0.8270370406860063,1.022,1.6609396598467305,normal
5.179333333333334,0.62250447566441,-0.9759999999999991,0.8278736618591027,0.99,1.9012777553029472,normal
4.938999999999999,0.7620837661744717,2.3160000000000007,0.8264529024693422,0.984,2.3150100773522126,normal
4.9807999999999995,0.7008295275362382,-0.804000000000002,0.8263965956690125,1.06,3.542565633053711,normal
4.933133333333334,0.6738721309632035,0.620000000000001,0.7949388236420041,1.06,2.8671958774853796,normal
4.924133333333332,0.6350609279606344,0.2159999999999993,0.8236080783155704,1.06,1.986250935345568,normal
4.9092,0.6581093323554479,0.6280000000000001,0.7888445558748145,1.04,2.9511887183996275,normal
4.870866666666666,0.8118147051855833,1.847999999999999,0.8139063009134814,1.04,3.7397638771562574,normal
4.8275999999999994,0.7633018450565062,-3.7040000000000006,0.7955251514984719,0.982,2.6780584806761536,normal
7.568066666666667,4.731957297168078,19.964,2.113555014661317,4.074,2.248054007676594,normal
11.331933333333332,5.452364025101609,25.116,3.00783414879655,4.136,1.3305165100431386,critical
15.434466666666669,2.562416395167308,20.564,3.6658800671416767,4.16,7.621492924188167,critical
16.331466666666664,0.6345805823971887,-1.7199999999999918,3.692061411551366,4.16,2.6204479186245027,critical
16.2682,0.5813075720591752,-1.8799999999999955,3.6494530731786825,4.16,3.4105167010984663,critical
15.907733333333335,0.6144163047605066,-1.068000000000005,3.697001271300836,4.5280000000000005,3.1413149433920795,critical
12.879066666666668,4.5660946619865665,-23.004000000000005,3.17205088231573,4.5280000000000005,1.9443112724205356,critical
9.146266666666666,5.129833128756615,-25.651999999999997,2.3976195972950616,4.5280000000000005,1.6864254601300763,normal
5.641466666666667,2.3046139768347804,-18.767999999999997,0.9987431434891889,2.7039999999999997,10.920865936820663,normal
4.885133333333333,0.5663065561650823,-0.27200000000000024,0.7777950029838626,0.9019999999999999,4.054254712132972,normal
4.843666666666666,0.46203176898948795,-0.3520000000000003,0.7940267837632011,0.9019999999999999,2.1479312273813185,normal
4.638066666666666,0.45079381342496505,-0.9960000000000004,0.7811249153197798,0.9019999999999999,2.4320765212567275,normal
6.101066666666666,2.4240208323270562,10.02,1.204326755217758,2.136,2.485601090425684,normal
7.981066666666665,2.675835905947066,10.903999999999998,1.5427798719627286,2.136,1.3563216160701617,warning
10.0034,1.124463030369014,10.731999999999998,1.8037732673481994,2.136,4.9776938807781095,warning
10.435066666666664,0.43459244765130844,1.0639999999999965,1.7980428248515106,2.136,3.4092357886390516,warning
10.64773333333333,0.5080413981382046,-0.5079999999999956,1.7522524551749574,1.998,3.1492369025746503,warning
10.602466666666663,0.5282965539248657,-0.5160000000000018,1.7699592085695082,2.0100000000000002,3.1856230663821323,warning
10.355799999999999,0.6472743570800045,-0.8799999999999955,1.8167984661669732,2.0460000000000003,2.4812267590913977,warning
10.171000000000001,0.4867896876475509,1.556000000000001,1.8700206772475358,2.0460000000000003,2.0768960032654236,warning
9.930066666666669,0.4612800980845467,-0.11200000000000188,1.8587814646518652,2.0460000000000003,1.8512103347306565,warning
9.956933333333334,0.4065643805789627,-0.4799999999999969,1.849299759368394,2.052,1.8913386065032411,warning
9.914600000000002,0.3763247356561441,0.7959999999999994,1.883953290291455,2.148,2.325310691859902,warning
10.029466666666668,0.3610462328043631,0.019999999999999574,1.884584092047898,2.148,2.4718744380392303,warning
10.119200000000003,0.378818373366446,-0.4280000000000008,1.8490362534754874,2.148,2.618581365758862,warning
10.081,0.5017773078434961,-0.5199999999999996,1.8320154293382283,2.1260000000000003,2.7380438790606823,warning
10.105133333333335,0.5291012967497075,0.17600000000000193,1.8277556364751462,2.1260000000000003,2.1831979022541383,warning
10.054466666666666,0.5229033520217243,1.1119999999999983,1.801027188393705,2.1260000000000003,2.015615448831498,warning
9.985800000000001,0.41123662288273866,-1.2560000000000002,1.7314980411963123,2.0140000000000002,2.3229079018614835,warning
10.134266666666667,0.4358062974406048,2.0680000000000014,1.775896656152416,2.114,2.368819027762789,warning
10.155733333333334,0.4181287627301215,0.07600000000000051,1.7876770774760564,2.114,2.716423437623484,warning
10.266200000000001,0.3974067102268574,0.9520000000000017,1.816348094391601,2.114,2.3493439405910617,warning
10.0602,0.466278700635861,-2.8640000000000008,1.8001072190289111,2.19,2.1740333068888913,warning
9.973266666666666,0.583776551620757,0.3640000000000043,1.8415973863288722,2.19,2.3271771648126705,warning
9.907399999999999,0.5553164023029273,-1.6040000000000028,1.829033296580464,2.19,2.775241691175154,warning
10.0466,0.5190116633243097,4.256,1.8254664791955688,2.128,2.733440496906221,warning
10.181066666666668,0.44104473947913986,-1.4480000000000004,1.826882882580782,2.128,2.5842930633561116,warning
10.204733333333333,0.4146167654861803,1.5719999999999992,1.9503217854155932,2.308,2.2967763233111618,warning
10.026866666666667,0.40067499159404607,-0.5480000000000018,1.9452554930736818,2.308,2.1957132196185896,warning
9.865866666666667,0.3333866357382803,-0.7040000000000006,1.8981539452847338,2.308,1.8548858894535136,warning
9.954666666666666,0.4296728471238969,0.379999999999999,1.7833991514333893,2.096,1.726755713519295,warning
10.105266666666669,0.41035382564589584,-0.3999999999999986,1.7630359799694013,2.08,1.9755833681287134,warning
8.853933333333334,2.2129063533934032,-10.52,1.6341444244619263,2.074,2.8052941927550465,warning
7.387733333333333,2.2302249054498717,-7.068,1.3357017132079554,2.074,1.340964952559782,normal
5.870799999999999,0.949690840923157,-5.620000000000001,0.9557249255582556,2.008,6.997822264453461,normal
5.6614666666666675,0.6308736658176678,1.7200000000000006,0.7910182467343384,0.9359999999999999,2.310589352311606,normal
5.2268,0.7776306921240529,-3.880000000000001,0.8091294086856565,0.9359999999999999,1.9903156902370083,normal
4.933066666666666,0.6452785927196271,-0.5040000000000013,0.8692941964605537,1.048,2.680486217490178,normal
7.300733333333334,3.8520436301901992,15.179999999999996,1.9763983066848307,3.868,2.460302984242096,normal
10.840933333333332,4.5680068223338814,21.672,2.957870089552052,4.414,1.3021894794482851,critical
14.6894,2.104641356621123,15.228,3.7124020436010614,4.414,5.389712145054701,critical
15.622866666666669,0.9218820869407445,2.0160000000000053,3.893995154936208,4.414,2.612980281171052,critical
15.8184,0.869302156905181,0.8959999999999972,3.7987573933239447,4.336,2.647865627322696,critical
15.7884,0.8331078201529503,2.799999999999997,3.789860454774907,4.378,3.3457000677499193,critical
15.620133333333332,0.8138735255281107,-1.5040000000000013,3.7959102729121508,4.378,3.163498384137324,critical
15.259733333333333,0.927792754636269,0.9839999999999947,3.8642714017867155,4.378,2.9796319859923748,critical
15.228866666666669,0.966687220471142,2.784000000000006,3.764335054162953,4.3,2.867764800306733,critical
15.825133333333332,1.0402571071080884,5.916000000000004,3.6963838905972235,4.3,2.008497215075764,critical
16.444399999999998,0.7805528638941333,-4.431999999999999,3.70292509601081,4.204,1.8044817704242824,critical
16.29426666666667,0.796297889541903,-1.0279999999999987,3.842962364287912,4.3340000000000005,1.994278558503328,critical
15.854666666666668,1.0257985940502918,-1.9279999999999973,3.866965407999749,4.3340000000000005,2.2024670143032257,critical
15.8538,1.0301921309477504,5.2359999999999935,3.8461548070768035,4.3340000000000005,2.1680255236154435,critical
15.908199999999999,1.1684758562617656,-0.06400000000000006,3.812822541547578,4.372,2.119532838296872,critical
16.231733333333334,1.0355527648984808,-5.663999999999998,3.8666236606803785,4.372,2.154589688162037,critical
15.932800000000002,0.9054221262298962,-3.5360000000000014,3.940733840289141,4.372,2.1052690271083296,critical
15.880933333333331,0.7541705789953768,0.4200000000000017,3.940955366405461,4.476000000000001,2.542183003102878,critical
15.843933333333334,0.6376890534491625,0.7439999999999998,3.907532554780148,4.476000000000001,2.672213861864818,critical
15.710133333333333,0.6822640609682507,1.1679999999999993,3.7718144351668914,4.476000000000001,2.859616337470751,critical
15.667066666666665,0.772678757455013,-0.2959999999999994,3.586742830665914,4.136,2.4604809111091295,critical
15.769133333333333,0.887833420311616,3.6920000000000037,3.640217850623778,4.194,2.368927261330977,critical
15.764666666666667,1.1455971756638061,-5.088000000000001,3.7556430607820013,4.194,2.413512432601331,critical
16.0824,1.126735982088676,0.0,3.814457025580443,4.194,2.1711936887308094,critical
12.9616,4.664783479076673,-23.512,3.22722512384866,4.093999999999999,2.093843095785108,critical
9.737266666666669,5.194797230135381,-21.264000000000003,2.3620240472950313,3.8280000000000003,1.294209340649648,normal
6.092133333333333,1.897784247191679,-16.968,1.1739388967630868,3.3299999999999996,11.743700413373851,normal
5.392533333333334,0.705998476548561,-2.0519999999999996,0.8496744474601237,1.0879999999999999,2.5272780497414424,normal
4.955733333333333,0.8512414045903132,-0.6560000000000006,0.7871048214818659,0.944,2.02039626803201,normal
4.886066666666666,0.7486349325420383,2.4239999999999995,0.8032009296143359,1.022,2.110604087713102,normal
5.034133333333332,0.7293063249112512,2.928000000000001,0.7853466325982008,1.022,2.149726226543749,normal
4.980266666666665,0.8172434534593851,0.03999999999999915,0.8057783814424411,1.022,2.072964571074351,normal
4.781266666666666,0.6820038090476883,-1.1440000000000001,0.8074951393042562,0.958,2.1478486737771587,normal
4.6786,0.5879512791606687,0.2519999999999989,0.7847594960665762,0.9359999999999999,2.459860286217551,normal
4.953866666666666,0.41697064111943855,0.5399999999999991,0.7557242883486014,0.914,2.144361532021051,normal
4.741733333333333,0.6666064772829287,0.7319999999999993,0.7849413566205653,1.038,2.563214406057793,normal
7.384733333333332,4.342781611926725,16.887999999999998,1.9350007062875543,3.7399999999999998,2.2223680454742136,normal
10.618733333333331,4.907215408174194,20.004000000000005,2.957453814798579,4.576,1.358776341807947,critical
14.422933333333333,2.0524814726461127,18.959999999999997,3.621676554672803,4.576,6.47775740817574,critical
15.825333333333333,1.1153519424628067,5.071999999999999,3.872876140544647,4.576,3.6583362655676783,critical
15.978066666666667,1.0497531752221039,-2.1040000000000028,3.7460545822683007,4.186,1.9148806721237495,critical
15.965133333333338,1.1481713790003458,-3.112000000000002,3.76701538798733,4.132,2.1498607087923007,critical
15.609866666666669,0.8940688912059417,-0.7240000000000038,3.6454454323168797,4.132,2.6371826595016605,critical
16.0038,0.8367525082125539,4.099999999999998,3.712063469284974,4.416,3.5315782144201684,critical
16.293733333333332,0.7016891492835144,6.719999999999999,3.765282884459015,4.416,2.6524118388344236,critical
16.264733333333332,0.7815448775057998,5.4559999999999995,3.8809572186940344,4.416,2.06051832289403,critical
16.664133333333336,1.0422187784828205,-1.3319999999999972,3.9137606978454875,4.34,1.9348679880453554,critical
16.557933333333335,1.1265280565623845,-3.1799999999999997,3.892396451202438,4.3,2.2406750811338005,critical
15.046866666666668,2.8319551636438187,-16.776,3.4223514528269403,4.3,2.0517933694860475,critical
12.707799999999997,2.6819924111252313,-10.272000000000002,2.8083142986496368,4.046,1.3747900291334836,warning
10.655933333333333,1.1640867646166053,-9.080000000000002,2.0320142059870876,3.346,9.060783407229684,warning
9.994200000000001,0.5808651822927587,0.28800000000000026,1.8253489894629282,2.1420000000000003,2.422849062686336,warning
9.803533333333332,0.4587291672532812,0.3359999999999985,1.7983318195853994,2.1420000000000003,2.1994786328030136,warning
9.819066666666664,0.4622809343053443,0.8039999999999985,1.814523408501527,2.118,1.7965240370148188,warning
10.214733333333333,0.5076209828427329,1.1559999999999988,1.8524375293110424,2.118,2.196469345619067,warning
10.316733333333334,0.5290566405299992,0.7319999999999993,1.8099369418113254,2.118,1.7585059080743874,warning
10.008999999999999,0.7862825192003191,-3.5360000000000014,1.7556067517148213,2.032,1.7928042660738441,warning
9.82573333333333,0.7225904756883776,-0.4559999999999995,1.8075030290431051,2.196,2.0690945704128216,warning
9.7986,0.6701868694625405,1.7119999999999997,1.8533648318666238,2.196,2.4644593841196785,warning
10.222,0.4476906670161144,2.264000000000003,1.8781842295153048,2.196,2.7835876674957216,warning
11.961066666666666,2.6678761457175795,13.264000000000003,2.502849096529793,3.982,2.2391095831837937,warning
13.936133333333332,2.8568788532631584,11.736,3.1386760690881546,4.174,1.385302946141281,critical
15.870466666666669,1.4211152130945925,9.544,3.6499798355607393,4.174,4.950630167561826,critical
16.2316,0.8382943635740374,-1.9520000000000053,3.723548880660313,4.2780000000000005,2.2956792172681295,critical
15.926000000000004,0.7946467559026885,-3.9879999999999995,3.7463996049540684,4.2780000000000005,2.0506729771822294,critical
15.904733333333334,0.7901499407637069,1.340000000000007,3.66862749994236,4.2780000000000005,2.1944951783343556,critical
15.826066666666668,0.7625223901994985,0.3360000000000056,3.633280427749373,4.084,1.876531165561134,critical
16.3718,0.7443048389828818,5.884000000000004,3.574556998193389,3.904,1.794767556228068,critical
16.33053333333333,0.7868644836028346,-3.1640000000000015,3.601686567891955,4.066,2.442751833791217,critical
16.222533333333327,0.768779800867727,1.272000000000002,3.5858650095432574,4.066,2.6962383810313906,critical
15.8542,0.7058517974759291,-3.264000000000003,3.6906910825300274,4.338,2.611412151057146,critical
15.891266666666665,0.9341632239008819,5.428000000000004,3.77472185288753,4.338,2.778353974014072,critical
13.120066666666665,4.540279359491244,-20.848,3.3215711944801054,4.338,2.192161242378407,critical
9.528533333333334,5.273854199307709,-20.688,2.476234264631142,4.188,1.3424714649805207,normal
6.110333333333334,2.4246750481020936,-22.056,1.1918052972976194,3.2700000000000005,9.79676871292952,normal
5.095999999999999,0.8683785656805064,2.6880000000000006,0.8186431049812447,0.986,2.5509962253620397,normal
5.122066666666666,0.8850569071471557,-1.283999999999999,0.8313332264100439,0.992,2.3517508479898632,normal
4.654133333333333,0.6036862172427734,0.8440000000000012,0.8397934666730068,0.992,2.4899505062543543,normal
4.566466666666666,0.5237596607435726,-3.040000000000001,0.8390134683066774,0.992,3.3432774540119303,normal
4.520533333333334,0.470534429015443,-0.5319999999999983,0.7955821348756729,0.8939999999999999,2.575695737321984,normal
4.8812000000000015,0.6622137821982668,2.152000000000001,0.796302120219874,0.9019999999999999,2.5111008113088387,normal
5.151333333333333,0.5455720748800189,3.516,0.7878100447866012,0.9019999999999999,2.797831257336028,normal
5.459933333333333,0.5184089719731152,2.631999999999998,0.7666383762896298,0.9019999999999999,2.1341794765519215,normal
5.592666666666667,0.5410568259331813,0.8559999999999999,0.7506320891977196,0.906,2.5596461424797825,normal
8.2468,3.857930623188205,20.435999999999996,2.096640105820103,3.9899999999999998,2.1454742030516876,normal
11.763933333333338,4.718024289419837,20.932000000000002,3.0398110248281336,4.1,1.322773695139397,critical
15.108666666666666,2.4333034518713217,14.271999999999995,3.6402548628724705,4.1,8.046036775443872,critical
15.650466666666665,1.0565187719844622,-4.568000000000005,3.6392342234779735,4.1,2.9609394364750297,critical
15.266733333333333,1.113194140999474,-0.07200000000000273,3.7558488432487978,4.59,2.452399095910512,critical
15.550333333333336,1.3101677331124018,4.736000000000001,3.904254312072067,4.59,2.363975064969269,critical
13.148799999999998,4.591863720393569,-18.059999999999995,3.457892556649691,4.59,1.9915822942853774,critical
9.80906666666667,5.429313344756919,-26.204,2.5073098465619816,4.382,1.4663577630103617,normal
5.648666666666666,2.360527135102572,-19.368000000000002,1.036132552652732,2.8839999999999995,9.76864322747655,normal
4.781666666666666,0.6295096680927323,3.200000000000001,0.7406657365730733,0.992,2.7526521232376355,normal
4.7858,0.6457936409308058,-0.02000000000000135,0.7888123562250615,1.066,1.8589350929782211,normal
4.8998,0.6201645695566084,-0.3119999999999994,0.8685098349088128,1.066,2.6205034993237515,normal
8.044333333333334,4.793965319950582,19.263999999999996,2.1913617683988194,4.2780000000000005,2.4154548123811757,normal
11.4434,5.162565309352835,22.86,3.224339498253867,4.644,1.260468458766128,critical
15.214066666666668,2.0705654933428748,15.895999999999999,3.8262472476305027,4.644,6.749442346877673,critical
15.734933333333334,0.9440900710325385,1.0799999999999983,3.929997133162652,4.644,3.1424360243765115,critical
16.264533333333336,1.077221974442697,-0.828000000000003,3.716868287505849,4.13,2.238509136843092,critical
16.16266666666667,1.0064026143756892,-0.14800000000000324,3.7556411969196417,4.208,2.3037944180875645,critical
13.091799999999997,4.977240101368094,-23.72,3.1570226691193293,4.208,2.310161339493631,critical
9.184,4.992245026037885,-21.544000000000004,2.4335812567763857,4.208,1.3266034857242561,normal
5.760666666666667,1.966639118451126,-15.736000000000002,1.160167803954813,3.152,9.184444549378668,normal
5.114466666666668,0.5631333017639389,0.3439999999999994,0.7992958567806208,0.986,2.352792846150251,normal
5.054733333333332,0.596071692183266,-0.9239999999999995,0.8157266699084933,0.9860000000000001,2.060629107709476,normal
4.723866666666666,0.6514410555751678,0.39199999999999946,0.8206328452277953,0.9860000000000001,2.083816219643335,normal
4.737866666666667,0.7674713342457091,-1.7759999999999998,0.8275731589009719,0.9860000000000001,2.997452455080482,normal
4.6937333333333315,0.7300689891297184,0.3439999999999994,0.8642802786133673,1.042,2.922521968903196,normal
4.8869333333333325,0.6143340531737508,-1.8200000000000003,0.8580860096750209,1.042,3.134229243399624,normal
5.128866666666666,0.5828959159994938,-1.2959999999999994,0.8898753470758326,1.064,2.4217295210172605,normal
5.0582,0.6425973026190922,-1.6839999999999993,0.8533787748317468,1.064,3.23916255146658,normal
4.911066666666667,0.7400703990537355,-0.6039999999999992,0.8411821839926631,1.064,2.446932591990021,normal
7.966466666666666,5.1198010035113235,26.656000000000002,2.0872413692080114,4.416,2.734673792392141,normal
11.981200000000001,5.685532484004174,27.380000000000006,2.9633132807720486,4.416,1.2751651042664949,critical
16.015866666666668,2.2101579993797333,17.884,3.662306286117169,4.416,6.004471897613318,critical
16.406200000000002,0.6900530124562898,-2.324000000000005,3.8433636656796697,4.296,2.1894178381983305,critical
16.167933333333334,0.741263153152929,-3.4360000000000035,3.9318291756721404,4.296,2.431713405880301,critical
15.906199999999997,0.7686993950823693,2.059999999999995,3.8472456294514563,4.296,2.2911279922712713,critical
16.115533333333335,0.7957580341340511,-2.5120000000000005,3.7992710528907168,4.252000000000001,2.1334169726006027,critical
15.602866666666667,1.0348720607989297,-0.5560000000000045,3.763986592253839,4.176,2.3039934595934963,critical
15.652333333333333,1.039303110529145,-1.9160000000000004,3.8561916964798315,4.176,1.9744703946439852,critical
15.107533333333334,0.9041853325262227,-1.639999999999997,3.726817373219854,4.176,2.205957899142386,critical
15.5396,0.8905037375927551,5.100000000000001,3.6385917239137084,4.116,2.1958967787637462,critical
15.803399999999998,1.1124100143382387,-1.000000000000007,3.597714904398809,4.108,2.533405781092318,critical
14.599933333333333,2.6140220087486297,-9.579999999999998,3.2859495431305703,4.108,2.26384321220609,critical
12.604666666666667,3.1374001267857996,-16.108,2.7329245385362055,4.108,1.5398240250051947,warning
10.344666666666667,0.9309310512719091,-6.984000000000002,2.030231907935643,3.3879999999999995,6.949685987012367,warning
9.895,0.4255762368052675,-1.9479999999999968,1.7892159921783244,2.132,1.5319877380935258,warning
9.792466666666666,0.42926128277412656,1.5239999999999974,1.7777478636372106,2.064,1.482599494938162,warning
9.943066666666665,0.5493265533562183,-0.6479999999999997,1.6788028274140276,1.982,2.3773928905571444,warning
12.032266666666667,3.2666966692499755,15.655999999999995,2.3405761968654932,3.7980000000000005,2.444765386849978,warning
14.398600000000004,3.1435257127414533,12.2,2.9677299742395697,4.156000000000001,1.365482605792498,critical
16.243333333333332,1.5122732851204141,10.528000000000002,3.4352823076616765,4.156000000000001,3.9125658396074656,critical
16.69813333333333,0.7819029664151994,-1.328000000000003,3.6172858333286295,4.156000000000001,2.130337418333983,critical
16.403533333333336,0.9692452986158294,-0.9199999999999982,3.6932429290981297,4.174,2.0925370570410764,critical
16.2536,1.0605218086709325,-3.7079999999999984,3.793425488042876,4.174,2.2566627128385273,critical
15.636733333333334,0.7246469454538224,0.16399999999999437,3.7287843595466876,4.174,2.502470805646896,critical
15.694199999999999,1.0522007856551585,-2.259999999999998,3.7413908287337923,4.056,2.664665206421605,critical
15.944399999999998,1.092425484872996,2.2680000000000007,3.671465338707875,4.056,2.1351118312153954,critical
16.1712,1.0327869867499306,-3.088000000000001,3.6468815536930546,4.056,2.0172263034658613,critical
16.258866666666666,0.7233974810265489,2.152000000000001,3.753784881067818,4.37,1.8576352851000462,critical
16.317066666666665,0.6980677585704381,0.17600000000000193,3.814099247091856,4.37,1.7294643864018373,critical
13.2106,4.811460018192676,-19.884000000000004,3.342395488268855,4.37,2.0839783479853806,critical
9.714266666666669,5.219384988887313,-21.832,2.35627513956527,4.14,1.3848231042995351,normal
5.754333333333333,2.1935241102441116,-18.528000000000002,1.0874530487949048,2.8739999999999997,9.184128964302184,normal
4.754666666666666,0.9641247959793494,-3.324,0.7587113636511142,0.8720000000000001,2.458331055648131,normal
4.8692,0.9713283825085451,2.388,0.7258019013477438,0.8640000000000001,2.392901274198208,normal
5.115600000000001,0.9887822004870434,2.1079999999999988,0.7624582174344593,0.986,2.229177141811655,normal
5.807266666666667,0.6069997217645344,2.4239999999999995,0.7560614613464525,0.986,2.1252826430555825,normal
5.5632,0.7632103423478135,-1.4399999999999995,0.8048410194980539,0.986,1.9421076856938055,normal
5.3533333333333335,0.901847338645639,-0.8119999999999976,0.7569799645080882,0.998,2.8099787288529394,normal
4.644266666666666,0.9039127883202498,-2.3520000000000003,0.7936741564815292,0.998,2.608695674008957,normal
4.4412666666666665,0.6522548547581348,2.1960000000000006,0.8196228400917095,1.042,2.289151184986387,normal
4.592133333333335,0.7527343813649598,3.411999999999999,0.811309969534867,1.042,2.9207828196120342,normal
5.346266666666666,0.887430257666608,3.5839999999999996,0.7921136282125185,1.042,2.5120388634721,normal
5.553733333333333,0.7463787659239927,-0.7199999999999989,0.747332946773614,0.884,2.810305940323319,normal
5.758666666666666,0.6522145522925888,-2.2959999999999994,0.7573164904230376,0.884,2.4823636384559618,normal
4.972599999999998,1.0450518519831125,-6.568000000000001,0.7805433150483494,0.9199999999999999,3.0591115360355277,normal
4.652266666666666,1.0468106143052915,-2.0200000000000014,0.7777342305269414,0.9199999999999999,2.6778728174525543,normal
4.464933333333334,0.8849441011850536,0.5920000000000005,0.7711098495026504,0.9199999999999999,2.5514521655944287,normal
7.863533333333333,4.732666469925338,25.319999999999997,2.0058416022541095,4.012,2.434415430756637,normal
11.916933333333334,5.176263536138356,24.6,2.9878180444375566,4.178,1.2585898527884531,critical
15.415866666666668,2.150387247812718,14.768,3.6770665482147584,4.178,7.179726798111006,critical
16.18306666666667,1.0767492723728933,-0.13600000000000279,3.9935312527469553,4.412,2.199124723364836,critical
16.286866666666665,1.0335744686389177,-1.8200000000000003,3.94064180897816,4.412,1.5704561227737923,critical
16.1374,1.1395382866172885,3.716000000000001,3.882674421924489,4.412,1.625538706253018,critical
14.412466666666665,2.683687248710045,-13.780000000000005,3.306865222533268,4.332,2.3285081226072806,critical
12.057733333333335,2.637023106122171,-11.7,2.7279098714339276,4.024,1.4968838666570272,warning
10.388266666666668,1.2500859419344823,-7.699999999999999,2.0802092202468483,3.624,10.151984522302936,warning
9.970799999999999,0.5709707756677801,-1.5519999999999996,1.877416913385694,2.064,3.5537814896701265,warning
9.992333333333335,0.5826923907365035,0.21199999999999974,1.8881627754689652,2.1239999999999997,2.3895225619967224,warning
9.862066666666667,0.5309981753473567,-1.4879999999999995,1.8564192055316242,2.1239999999999997,2.0954681808045996,warning
9.8094,0.3821776724683605,1.5479999999999983,1.8607482007694287,2.1239999999999997,2.5952412948752643,warning
9.92473333333333,0.4225372514807291,0.5800000000000018,1.7879101021397392,1.956,1.8279334194510009,warning
10.06033333333333,0.4458720543932855,0.45200000000000173,1.818457038260734,2.23,3.674486275143285,warning
10.115466666666665,0.4083341551012141,2.032,1.7670474432415972,2.23,3.8975709582894633,warning
10.184466666666669,0.3629485485421992,-0.1960000000000015,1.7767054905076418,2.23,3.0599112354713602,warning
9.824533333333335,0.5686123303466277,-2.032,1.803818579199878,2.068,2.0506330301878064,warning
9.893333333333333,0.5672368895698594,0.019999999999999574,1.814778737661059,2.068,1.9310150842990077,warning
9.788,0.5020358552932253,0.028000000000002245,1.8224951760338535,2.068,2.040171643831692,warning
10.230733333333331,0.42446279250627145,0.1280000000000001,1.8615978083356244,2.16,1.8852364133842494,warning
10.390466666666667,0.4451210122602116,-0.8320000000000007,2.000606408067314,2.302,2.2128500221477876,warning
10.397066666666666,0.4294594224784869,0.8079999999999998,2.009210558071669,2.302,1.736405826908142,warning
10.270199999999997,0.33609814042925035,-0.5320000000000036,1.9557071696277368,2.302,1.8915310339473062,warning
9.035533333333335,1.603423893492367,-8.88,1.6282404818289793,2.154,2.129245234826882,warning
7.275133333333333,2.2777876215505453,-11.840000000000003,1.36295928038955,2.154,1.5033900561423732,normal
5.682866666666667,1.0732735821877954,-7.4879999999999995,0.906352837843335,1.674,9.447372755501771,normal
5.124866666666668,0.492546494139273,0.9320000000000004,0.8141424117847358,0.9960000000000001,2.508352586956133,normal
5.233799999999999,0.44428469851361446,-0.11599999999999966,0.7419638805224955,0.9039999999999999,2.0161056015577885,normal
5.129466666666667,0.44689802963191594,-1.0399999999999991,0.760428125027825,0.9039999999999999,1.6535819355152555,normal
6.398933333333333,2.1006569596729077,9.116000000000001,1.1590406377690128,2.132,2.302456652820455,normal
7.884466666666668,2.2578042243639187,7.811999999999999,1.4825667832062965,2.132,1.4884879817029277,warning
9.570266666666669,1.1242877132754865,8.304000000000002,1.744056803356282,2.132,7.457490166808021,warning
9.814866666666667,0.571430411822433,-0.804000000000002,1.8679509272640613,2.2039999999999997,2.3507390800548715,warning
9.857066666666666,0.4178994243701334,0.5919999999999987,1.931506217092419,2.2039999999999997,2.832895036761237,warning
9.736600000000003,0.40950804631899484,-1.9320000000000022,1.9422836387441802,2.2039999999999997,2.7286113412467796,warning
8.203266666666666,2.2916755141647394,-11.744000000000002,1.6494773717756785,2.104,2.194228965738849,warning
6.613466666666667,2.373379022032137,-7.664,1.3048253012057462,1.998,1.4970234111383722,normal
4.953,0.851646992597285,-7.667999999999999,0.8770185098768821,1.508,5.550556957824583,normal
4.962933333333333,0.5866514543482262,2.2560000000000002,0.7740133504447237,0.986,2.608962303161584,normal
5.115933333333333,0.6017943133293597,-1.7479999999999993,0.7634196748840052,1.002,3.1603113313336615,normal
4.899933333333334,0.7717385538869727,0.9359999999999999,0.7737060596031717,1.002,3.2312267637938543,normal
6.252133333333334,2.369992907631207,10.248000000000001,1.1033851548756672,1.8820000000000001,2.3906607932030868,normal
7.9222,2.8720611576589614,10.983999999999998,1.500506136830725,2.072,1.3541499527546481,warning
9.899066666666666,0.989688399896093,8.623999999999999,1.7989899017689528,2.072,5.676049697567055,warning
10.0906,0.362112744873748,-1.404,1.8134237232373465,2.072,2.145832392174836,warning
9.805333333333332,0.34537760334000955,-0.9239999999999995,1.7688450469162074,2.058,1.8542520591105038,warning
9.859000000000002,0.39064212095813067,-0.7799999999999976,1.7019851546551945,2.058,2.5998493050218507,warning
8.638533333333333,1.926854426837228,-7.452000000000002,1.5588951215524407,2.058,2.3053024612163724,warning
6.971066666666667,2.5382097487971493,-11.396,1.2387746095772763,1.7879999999999998,1.307596835317958,normal
5.519,1.1231722634277137,-7.628,0.897827377617769,1.592,6.238849726784095,normal
5.279866666666666,0.8340581807577268,0.7120000000000015,0.7566969450623326,0.952,2.5102577552573324,normal
5.436999999999999,0.771067614847535,0.43599999999999817,0.7748023403853829,0.952,2.437503649391008,normal
5.290866666666665,0.6822571721051299,-0.5120000000000005,0.8018891860267643,0.952,2.875482832743221,normal
6.456333333333333,1.9593443858143524,9.576,1.1552764171400713,1.9560000000000002,2.5075923919592316,normal
8.2984,2.24753479172181,9.364,1.4395385834819898,1.9560000000000002,1.4449388787018602,warning
9.686933333333334,0.9860632479151067,7.6320000000000014,1.705716271834211,1.9760000000000002,4.446480113126833,warning
10.081399999999999,0.5074412018483851,-0.055999999999997385,1.8024938280060767,2.128,2.489992588107022,warning
9.847933333333334,0.4119810621321759,-1.355999999999998,1.817350489036168,2.128,3.0263246536746506,warning
10.0404,0.36890555250181156,-0.12400000000000233,1.8330017275860198,2.128,3.0111024133311637,warning
10.147066666666666,0.45467782977498383,1.0679999999999978,1.8420521889096049,2.136,3.122842966857919,warning
10.358133333333333,0.36734286738988464,-0.4600000000000044,1.900342951504631,2.146,1.8020062531285324,warning
10.432600000000003,0.3921670222409497,1.2000000000000028,1.9313121964094773,2.146,1.9946483484742226,warning
10.192933333333334,0.5414668308298201,-2.496000000000002,1.8624028565270188,2.146,2.0880540362430917,warning
9.958066666666667,0.5393916284935176,-0.7519999999999989,1.8125728307206492,2.07,2.473762494181258,warning
9.658733333333332,0.4147707747124373,-3.2479999999999976,1.7799337815398266,2.008,3.3551105640110808,warning
9.741466666666666,0.5201163801389925,2.1560000000000024,1.8625334001479454,2.168,2.667410755002576,warning
9.8262,0.5635803048368531,-1.3840000000000003,1.8610488082440682,2.168,2.736214051116168,warning
9.9758,0.488933083355995,3.1000000000000014,1.8605674044943028,2.168,2.733615931991354,warning
10.082533333333334,0.40343754025733525,-1.0120000000000005,1.8244434037079182,1.954,3.048168167205832,warning
10.165333333333333,0.32030665861882335,1.2199999999999989,1.8885237620956743,2.1060000000000003,2.558575209959352,warning
10.303866666666666,0.2756717532783427,-1.0199999999999996,1.9477369089963528,2.224,2.2602231405545044,warning
10.087666666666667,0.4054965954097382,0.5439999999999969,1.9329393161711002,2.224,2.274264321086887,warning
9.99553333333333,0.3934621314547169,-0.804000000000002,1.880669845205869,2.224,2.0946817080600453,warning
10.103866666666669,0.5538851706104997,2.4559999999999995,1.8185475523065102,2.212,2.3995320081206164,warning
10.310600000000003,0.49032455917823803,-0.8239999999999981,1.7854909315554268,2.212,3.3488025066666385,warning
10.316199999999998,0.5642017015217163,-0.6240000000000023,1.7820848838743155,2.212,3.537884855489055,warning
10.124133333333335,0.5254836333216182,-2.8840000000000003,1.7719237003889303,2.1,3.3972832868993383,warning
9.988,0.4829026126801688,1.0839999999999996,1.8852285449426727,2.29,2.130580033945855,warning
9.946933333333332,0.3871622341545667,0.5159999999999982,1.9145478143241377,2.29,1.9969588724715657,warning
9.988933333333332,0.31181906434483597,0.8559999999999981,1.9671560182151289,2.29,2.1094360289616967,warning
10.0468,0.2711617475480888,0.7120000000000033,1.8328776645846645,2.258,2.2678862118574203,warning
10.2408,0.27645739876757397,1.3440000000000012,1.8423288884814606,2.258,2.754817944678456,warning
9.9694,0.5013419724432946,-0.639999999999997,1.83984825461232,2.212,2.2088276220120835,warning
8.775866666666666,1.8986342412961539,-10.508000000000003,1.6865314702074197,2.212,1.9951309859626705,warning
6.724733333333334,2.2756966103200624,-11.02,1.3625496688194527,2.212,1.6293725768071736,normal
5.331800000000002,1.2370878007104695,-8.499999999999998,0.8861206087961917,1.534,9.232598430767396,normal
4.9234,0.5565043635648032,1.3759999999999994,0.8016569507380739,0.9359999999999999,1.792976226390536,normal
4.756333333333332,0.8095150949110763,-2.695999999999999,0.7756983949964058,0.9359999999999999,1.9912117701015521,normal
4.678000000000001,0.8191047145105035,0.7400000000000002,0.730084104744104,0.8699999999999999,2.5198392452798197,normal
4.735266666666665,0.915307960318396,2.168000000000001,0.7174019793672164,0.8699999999999999,2.4753526325626356,normal
5.0716,0.5943095489725874,3.1399999999999997,0.7402818382210926,0.9640000000000001,3.315997126547943,normal
5.154133333333333,0.6401885000182023,1.4720000000000013,0.7879018551401774,0.968,2.1370695362472976,normal
5.014799999999999,0.6800459984442229,1.7119999999999997,0.8243938379197168,0.968,2.8847555581922597,normal
4.988400000000001,0.8454377012333119,-1.952,0.816695292015327,0.968,2.9527957470865074,normal
4.978933333333334,0.8180071284666304,0.17600000000000193,0.785376512678261,0.914,4.657460419189393,normal
4.9914000000000005,0.7244144577979285,-3.412000000000001,0.7634375765793385,0.922,3.1257943066787606,normal
5.0134,0.5358928126656176,3.3680000000000003,0.808716019378867,1.092,2.9537371633414105,normal
4.928133333333334,0.5744901352987322,0.5120000000000005,0.8300378304631664,1.092,2.2388927089498045,normal
4.735266666666666,0.642814536930279,0.4039999999999999,0.8521380169902056,1.092,2.074688604946921,normal
4.9032,0.6744001977065744,-1.7199999999999989,0.8181845757529287,1.048,2.146670465423744,normal
4.781600000000001,0.6335469253864838,-0.9760000000000009,0.8130129970260828,0.9540000000000001,2.7593710173500705,normal
6.213466666666665,2.010960893591806,10.744000000000002,1.1793956079280608,2.102,2.759983793307547,normal
7.773733333333335,2.4615423746550094,8.755999999999997,1.5042487382965182,2.102,1.3684864283180929,warning
9.623999999999999,1.0566858883635508,7.163999999999998,1.7560766877711615,2.102,5.307806941489572,warning
9.933933333333334,0.434776719196826,-0.8559999999999981,1.821677541901054,2.028,2.595971077338914,warning
9.927200000000001,0.42253350163034437,0.11600000000000321,1.8445345935131352,2.0620000000000003,2.8253672698125447,warning
10.129,0.5694335782161077,3.9959999999999987,1.8338473945960354,2.0620000000000003,3.372561468209673,warning
11.798466666666664,2.151715451034877,9.003999999999998,2.411795320226546,3.882,2.4712710070800665,warning
13.791800000000002,2.329010682671937,14.123999999999999,3.214443777700895,4.286,1.3557313342666024,critical
15.8862,1.2598616167394472,9.644000000000002,3.8611317166516526,4.4,6.223915535207324,critical
16.67813333333333,0.8888212318696167,0.5959999999999965,3.9418272581803144,4.4,3.060675817596348,critical
16.787266666666664,0.8776824761204299,-4.439999999999998,3.8589233731702937,4.4,3.044985329949989,critical
16.3338,0.9746993177385526,-3.963999999999995,3.7253445657191673,4.184,2.8467810748124576,critical
14.310733333333333,2.5857159154778695,-9.636000000000003,3.3574787167357196,4.184,2.154768912095554,critical
12.284733333333334,2.5833123689471926,-12.192000000000004,2.7072588104329194,4.1259999999999994,1.4694737649641374,warning
10.581266666666664,0.9325884384633749,-7.079999999999998,2.047736213480633,3.1759999999999997,5.848487083014467,warning
10.3462,0.4092179044632986,1.8840000000000003,1.957616203447448,2.32,2.3925935610829456,warning
10.429599999999999,0.4346898971297431,0.2240000000000002,1.9634107737981543,2.32,2.206689672292358,warning
10.260533333333333,0.38615711252747315,0.25200000000000244,1.948014202549184,2.1420000000000003,2.268729445701757,warning
9.090200000000001,1.913682756711084,-10.516,1.6792440362655254,2.1420000000000003,2.0410600969585118,warning
7.389133333333332,2.197989365053637,-10.228,1.3835131610023328,2.1420000000000003,1.4271250521361472,normal
5.390266666666666,1.4534608567905165,-11.524000000000001,0.8684579437140293,1.652,7.7806368208587555,normal
4.555000000000001,0.6434276442097692,-3.3040000000000003,0.7977996406784517,1.02,2.567341040599075,normal
4.7456,0.946560848545935,3.748000000000001,0.8324273742095063,1.03,2.5748421511598356,normal
5.064333333333334,0.8807998006862225,-1.3840000000000003,0.867725071667288,1.03,2.5706358444599093,normal
6.5287999999999995,2.018758932281581,10.956,1.230620223031189,2.082,2.7407447404177643,normal
7.946533333333333,2.497273282780419,10.724000000000002,1.4837637278219198,2.082,1.560839640604386,warning
9.640866666666666,1.4014763342830858,11.24,1.7629542629726198,2.138,2.661865062524729,warning
10.221200000000001,0.3250791083208307,0.6799999999999962,1.8283106956969868,2.138,3.596630186216024,warning
10.27913333333333,0.43362308774121083,1.511999999999997,1.9209458781201167,2.138,2.5740857848382372,warning
10.188333333333334,0.5201658923416214,-1.6600000000000001,1.904143411965951,2.096,3.522734107518506,warning
10.168666666666669,0.5323651211548537,2.3640000000000008,1.890662494118574,2.096,3.473958138519225,warning
10.067533333333332,0.4152042656599546,-1.8119999999999976,1.8704290773331484,2.1079999999999997,3.1713522351460015,warning
10.1328,0.4059581587635192,1.3719999999999999,1.8427143385053835,2.1079999999999997,2.9478451235529315,warning
9.905800000000001,0.4139985024127502,-2.088000000000001,1.8116519901276111,2.1079999999999997,2.000325949843921,warning
9.845266666666667,0.39183346235642275,1.6280000000000001,1.7019709359053894,1.9740000000000002,2.3257392006882394,warning
9.863666666666667,0.38334565197597964,0.05600000000000094,1.7083971825466504,2.0420000000000003,2.0963041551400687,warning
11.736866666666668,2.6982310097955335,11.087999999999994,2.470579392234408,4.272,2.452912440059406,warning
13.575999999999999,2.6763766551066763,13.195999999999998,3.1698156202950774,4.272,1.4325021591775013,critical
16.2478,1.7008354300166728,14.027999999999995,3.7559148197653967,4.272,5.324161486782515,critical
16.578,1.365614684552955,1.9639999999999986,3.8506916954403576,4.224,1.8608189180597348,critical
16.43173333333333,1.5065105582843497,-2.0920000000000023,3.780141320109607,4.202,2.093552647302177,critical
15.739933333333335,1.0357546019958375,-6.248000000000005,3.7142156103274346,4.11,1.8053032724987397,critical
14.122399999999997,2.160230321053753,-11.163999999999998,3.2762175141464587,4.102,2.563118239135028,critical
12.275400000000001,2.9186444410604957,-14.16,2.7856313467506784,4.072,1.3588949661237768,warning
10.1598,1.189365696495405,-5.884000000000004,2.0747016171006374,3.732,7.0950532745520665,warning
9.75268888888889,0.4545250833100687,0.8560000000000016,2.0577838969791427,2.35,2.1063005070474397,warning
9.674533333333331,0.5620792194067388,2.911999999999999,1.997207617316404,2.2720000000000002,2.496726601789201,warning
9.636199999999999,0.5247479013774137,1.0399999999999991,1.8638531773363125,2.194,2.984206226499122,warning
9.948599999999999,0.7187880818896946,2.171999999999997,1.7794042448714869,2.0300000000000002,2.297555187376116,warning
9.988066666666665,0.5836335570277713,-3.024000000000001,1.7253405460951758,1.952,2.4096992058606648,warning
9.671333333333331,0.7869780739568853,-2.879999999999999,1.8088176617153353,2.0479999999999996,2.0263187047633844,warning
9.1996,0.5546973709450346,0.9559999999999995,1.9107922964048185,2.212,2.4705567958044368,warning
9.539533333333331,0.8653943506992764,3.263999999999996,1.9905388550172372,2.2939999999999996,2.106467036571609,warning
9.996933333333333,0.7446493104512723,3.120000000000001,2.006864187399503,2.2939999999999996,2.2638112190482538,warning
10.475666666666665,0.3004974024661262,-0.9400000000000013,1.8869172036242963,2.2939999999999996,2.187754142197477,warning
11.783999999999999,2.3646750869129285,14.164000000000009,2.5881026769946103,4.3420000000000005,2.145328728625104,warning
14.102066666666671,3.0746224693267443,11.580000000000002,3.247694915885214,4.4719999999999995,1.3973198957392896,critical
15.987133333333333,1.8813404925448474,11.303999999999998,4.013854091352433,4.7780000000000005,4.89250152814757,critical
16.822533333333332,0.9260722697980376,3.323999999999998,4.0278548302208375,4.7780000000000005,1.8062887895972113,critical
17.0746,1.0952666828981272,3.1839999999999975,3.980597911537076,4.7780000000000005,2.1962796584382946,critical
10.041811111111114,0.5927729668658261,-0.9480000000000004,1.7690685402210962,2.19,3.0524661142836442,warning
9.62086666666667,0.5825950413642589,-1.751999999999999,1.9170409141869318,2.402,1.6608431204460452,warning
9.829133333333333,0.5591254321606995,1.4840000000000018,1.973638805185319,2.402,1.6937207559384537,warning
9.471466666666666,0.7101637244717277,-1.120000000000001,2.073161354067744,2.402,2.258205095559733,warning
9.881866666666665,0.8042084196414652,3.440000000000005,1.9164905774183536,2.286,2.4938944347565957,warning
9.734599999999999,0.8382822356859694,-1.5160000000000018,1.8930802765158514,2.286,2.4128796406377875,warning
10.268333333333334,0.6386456677132388,2.8999999999999986,1.78978266837066,2.064,2.6202184713407695,warning
10.1624,0.5878855670961822,-2.331999999999997,1.8370642158981088,2.256,3.7623911558271437,warning
10.050133333333331,0.6213207294858983,0.9759999999999991,1.8896493501881946,2.3299999999999996,2.7389123551572565,warning
9.852866666666666,0.64774000614101,-4.100000000000001,1.9701302495012858,2.3299999999999996,2.3640155839333246,warning
9.753333333333334,0.694589631045235,-1.184000000000001,1.9736390754137394,2.3299999999999996,2.9412198896520687,warning
10.070599999999997,0.6861026453818699,-0.9239999999999995,2.0144262044893413,2.202,2.7063331194696847,warning
10.094066666666668,0.5206807040361259,2.524000000000001,1.9044758509014146,2.202,2.308842477657957,warning
10.305533333333333,0.4688552536645922,-0.8360000000000021,1.9007771393125847,2.45,2.3834057802734843,warning
10.247399999999997,0.5764648934092459,-0.1479999999999997,1.8389090606480065,2.45,2.5359035638922345,warning
10.398000000000001,0.641909027822479,0.3440000000000012,1.849086008455709,2.45,2.6618327625224727,warning
10.464999999999998,0.6008127273396706,1.7079999999999984,1.8100921155197232,2.376,3.232249245967184,warning
5.983494444444445,0.4840127877162332,-1.1679999999999993,0.8449249473572589,1.165,2.741483850753455,normal
5.378933333333333,0.9219428374663775,-3.8279999999999994,0.8324054300639804,1.036,1.7431143993203964,normal
5.090333333333334,0.9061948404669322,-0.2599999999999998,0.8228936747842944,1.036,1.7210239978378727,normal
4.580666666666667,0.5266792403562364,-1.7719999999999985,0.8197848498234155,1.036,2.244337620251655,normal
4.840266666666667,0.7136684072841921,3.9319999999999986,0.7755666315668821,1.002,3.8802574879176235,normal
4.895666666666667,0.9626780816497739,0.004000000000001336,0.758927137477637,0.8699999999999999,2.698104079949371,normal
5.1936,0.9671838708332557,2.7360000000000024,0.7175883685419285,0.8699999999999999,2.714056680671911,normal
4.914400000000001,0.9221505878470537,-7.180000000000001,0.7678680442194045,0.9400000000000001,2.037968207009583,normal
4.541733333333334,0.9036861893870509,0.16800000000000104,0.806860334878348,0.944,2.053250098157493,normal
4.2616,0.7232449838517143,-3.1959999999999997,0.8906763722026088,1.004,2.7229237161247344,normal
4.2165333333333335,0.8209334416111671,5.707999999999999,0.8462554381903059,1.004,2.757925802247661,normal
4.709533333333334,0.842401754245298,2.1400000000000006,0.8144337091910346,1.004,2.7064294103349478,normal
4.955866666666665,0.9816547843083918,0.7959999999999985,0.7700956650529421,0.95,3.6260730974983564,normal
5.242733333333335,0.668752566765583,0.8439999999999994,0.8046720242848427,0.95,2.552568883014889,normal
4.950999999999999,0.7614079502255454,-3.292,0.8261430868802329,0.95,1.8480385148453993,normal
5.056600000000001,0.7442349360249088,0.9880000000000013,0.8523329552860588,1.04,2.510459613118293,normal
5.153733333333334,0.7466306062720858,1.604000000000001,0.833523524962953,1.04,2.4021540617663093,normal
5.1701999999999995,0.7578508824300465,-0.7759999999999998,0.7908672033491675,1.04,3.091973594262817,normal
5.0398000000000005,0.6448154981594865,-1.1199999999999992,0.8153737793184179,1.006,2.6049100929232676,normal
4.875466666666667,0.690428646244893,-3.008,0.8729112211445101,1.008,3.5315174298643512,normal
5.091933333333333,0.6546719246224698,2.088000000000001,0.8936534749741274,1.008,2.9549817719973333,normal
5.005066666666666,0.6106013938914829,2.7399999999999984,0.8392389409459025,1.008,1.7398965306369203,normal
5.3022,0.5995003141505988,2.0599999999999987,0.7658644788733839,0.9480000000000001,2.984931014123007,normal
5.213266666666668,0.5465402658745486,-0.5480000000000018,0.7802510707030997,0.9640000000000001,3.0422008778063785,normal
5.113533333333333,0.5609638570254672,-2.2600000000000016,0.7841556818217499,0.9640000000000001,2.4439652726241445,normal
4.977800000000001,0.45416394983896885,1.6880000000000006,0.8523694816998867,1.1059999999999999,2.553772367597233,normal
4.942733333333335,0.4875280459169048,-1.684000000000001,0.8491636669884866,1.1059999999999999,2.7373951514858055,normal
5.082399999999999,0.6656165863318012,0.484,0.8260477790862544,1.1059999999999999,2.3883395811977803,normal
6.401066666666667,2.376896617206749,11.371999999999998,1.0829575553393895,1.762,2.287703939662663,normal
8.145333333333333,2.498595409869757,11.024000000000001,1.4659026343292152,2.064,1.3363085006350879,warning
9.700733333333336,1.2035663098567617,7.368000000000002,1.7559270675818703,2.064,6.000362060675867,warning
9.8434,0.5104583300002724,1.6600000000000037,1.8150543558843673,2.27,4.23131109318648,warning
10.034600000000001,0.5656453895035889,2.34,1.7187777440185028,1.964,1.6112184121096291,warning
10.110066666666667,0.568087195967505,1.1920000000000002,1.671583799873641,1.9280000000000002,2.4481812482955694,warning
10.316066666666666,0.46247147179282533,-0.02400000000000091,1.6094846794341762,1.812,3.0354487706344835,warning
10.119066666666667,0.4433625253546906,-2.983999999999998,1.680972060049383,1.996,2.7621477668881127,warning
9.8324,0.6058480337510388,-0.003999999999997783,1.7435820600132361,2.084,2.1058433195521915,warning
9.787066666666668,0.5521962775036506,0.4079999999999977,1.8457188301580498,2.084,1.8313624059119213,warning
9.831866666666665,0.6037794152024581,1.1799999999999997,1.8320948665393941,2.084,1.9184261097651745,warning
5.03246111111111,0.9187773877836072,3.2799999999999994,0.7702286895846319,0.884,2.10180307902207,normal
5.397000000000001,0.6622623347284669,-4.144,0.7792216629432218,0.884,2.2686458637916527,normal
5.1092,0.4811113800358499,-1.4800000000000004,0.7907013764163224,0.932,2.216398233847997,normal
5.383066666666667,1.138433863789295,8.664000000000005,0.958196917827089,1.866,8.210274139398571,normal
6.830533333333334,2.382925705001219,9.956,1.3630425280721559,2.0260000000000002,1.2994955113972253,normal
8.4628,1.9715976330546419,11.056000000000001,1.6660434168012148,2.062,2.516844582815814,warning
9.790266666666666,0.36663759884781183,2.2639999999999993,1.8840820222768082,2.062,2.382473418739597,warning
9.802533333333335,0.4018546779897209,-0.8520000000000039,1.8429585634697996,2.062,2.6281045397477376,warning
9.847333333333331,0.39708582895333294,0.7679999999999971,1.794952627044328,2.04,2.836784121397926,warning
10.498933333333332,1.7494249518691056,12.232,2.048387821352848,4.055999999999999,7.0022261490867725,warning
15.973922222222223,1.0638184462318794,0.31600000000000605,3.805969251277087,4.41,2.6671393564375103,critical
15.903466666666667,1.0432961782521561,-4.868000000000002,3.7598227795114667,4.168,2.1825532533527863,critical
15.664733333333336,0.8569097164942301,1.9760000000000026,3.6110875185554097,4.168,2.0089278963560075,critical
14.800866666666668,1.4827388786371736,-5.724,3.5148775227595057,4.464,3.4293420613193137,critical
13.088866666666664,2.495979737275303,-9.556000000000004,2.9532105467327137,4.464,1.5404918216172638,warning
11.2324,1.7116288850098311,-9.212,2.3771155630301193,4.464,4.149147212380114,warning
10.044,0.5016038277365917,-5.084000000000003,1.7385756238944567,2.146,3.248666459998745,warning
9.935266666666665,0.42981127124458834,-1.847999999999999,1.7561535620022906,2.1180000000000003,2.6475147530763974,warning
9.763599999999999,0.358112235665487,-0.40000000000000213,1.7932560702067437,2.1180000000000003,2.405906156894493,warning
9.084733333333332,1.5715623210324459,-9.828,1.730876964624195,2.1339999999999995,3.6368374723824806,warning
7.2704,2.535047160639554,-11.452000000000002,1.4172016558462432,2.1339999999999995,1.2841502644139406,normal
5.508666666666666,2.007660750447866,-9.32,1.0811610425833886,2.1339999999999995,4.692667912927029,normal
4.409866666666667,0.5940085147163764,0.3160000000000025,0.8061109104831666,0.908,2.346333711627092,normal
4.512266666666665,0.7486791450429364,1.1559999999999997,0.8118310990183446,0.908,3.0179812921019624,normal
4.861066666666668,0.8748491273102783,1.3359999999999985,0.8038727925901379,0.932,3.224717059136658,normal
5.252666666666667,0.8123554777449478,-0.30400000000000205,0.7987397573678174,0.932,2.565237440098898,normal
5.317466666666666,0.49513067186574306,1.4520000000000017,0.8379721554642096,0.9879999999999999,2.3039361401960825,normal
5.0198,0.523057001355174,-3.339999999999998,0.8252005008885214,0.9879999999999999,2.3860721194622796,normal
4.9783333333333335,0.6320687902084358,1.556000000000001,0.784881817006017,0.9879999999999999,1.6860177363659077,normal
5.058199999999999,0.6399677804389844,-1.6359999999999992,0.7524085769491644,0.9279999999999999,1.7629867772425896,normal
5.507933333333333,0.6876587299590465,4.911999999999999,0.7272387045072156,0.9279999999999999,2.75207207991792,normal
7.1596,3.4392337673770688,23.708000000000002,1.3009996669228372,3.2079999999999997,5.915598366883826,normal
10.953666666666665,5.048504546452896,21.1,2.410960638417807,4.132,1.3063801730229874,critical
13.9796,3.70044914030716,16.983999999999998,3.2994759179805104,4.2540000000000004,2.733149627723884,critical
15.980999999999998,1.013258473112035,1.7719999999999985,3.835857852771225,4.2700000000000005,2.0103042359414784,critical
15.905533333333333,0.9303670506251224,-0.3680000000000021,3.824961960595164,4.2700000000000005,2.8726232133331417,critical
16.168866666666666,0.5650924840727894,1.3599999999999959,3.659931019386385,4.2700000000000005,1.9528426162181463,critical
14.937133333333332,1.9464178162859984,-11.591999999999999,3.330224176638364,3.972,4.946007760266881,critical
12.957799999999997,2.497048516415597,-14.092000000000002,2.805709892344538,3.6800000000000006,1.2018409946878525,warning
11.0644,1.5990655104362257,-8.316000000000003,2.2907888888619423,3.628,3.1363903536852544,warning
